User,Handle,PostDate,TweetText,ReplyCount,RetweetCount,LikeCount
RVCJ Movies,@rvcjmovies,2021-06-12T07:24:50.000Z,"Wow 
#aamirkhan #vishwanathananand #chess #bollywood #rvcjmovies",,,2
Ã‡aÄŸrÄ± AsarlÄ±,@cagriasarli,2021-06-12T07:23:00.000Z,"3 zincir fedalÄ± mat.

Bu #chess oyununa bakÄ±n: 
@chesscom
 Ã¼zerinden SYK181 ile Asarli88 -Chess: SYK181 vs Asarli88
SYK181 (1463) vs Asarli88 (1445). Asarli88 won by checkmate in 17 moves. The average chess game takes 25 moves â€” could you have cracked the defenses earlier? Click to review the game, move by move.
chess.com",,,
Kannada Prabha,@kprabhanews,2021-06-12T07:19:29.000Z,"à²¦à²¿à²—à³à²—à²œ à²†à²¨à²‚à²¦à³ à²œà²¤à³† à²•à²¿à²šà³à²š à²¸à³à²¦à³€à²ªà³, à²šà²¹à²²à³â€Œ à²šà³†à²¸à³â€Œ à²¸à³à²ªà²°à³à²§à³†..! #chess #coronavirus #ViswanathanAnand #YuzvendraChahal 
@KicchaSudeep
 @yuzi_chahal
 @vishy64theking
 #Kannada #KannadaNewsà²¦à²¿à²—à³à²—à²œ à²†à²¨à²‚à²¦à³ à²œà²¤à³† à²•à²¿à²šà³à²š à²¸à³à²¦à³€à²ªà³, à²šà²¹à²²à³â€Œ à²šà³†à²¸à³â€Œ à²¸à³à²ªà²°à³à²§à³†..!
* à²¦à²¿à²—à³à²—à²œ à²µà²¿à²¶à³à²µà²¨à²¾à²¥à²¨à³ à²†à²¨à²‚à²¦à³ à²œà²¤à³† à²šà³†à²¸à³ à²†à²¡à²²à²¿à²¦à³à²¦à²¾à²°à³† à²¦à³‡à²¶à²¦ 10 à²¸à³†à²²à²¿à²¬à³à²°à²¿à²Ÿà²¿à²—à²³à³ * à²†à²¨à²‚à²¦à³ à²œà²¤à³† à²¸à³à²ªà²°à³à²§à³†à²—à²¿à²³à²¿à²¯à²²à²¿à²¦à³à²¦à²¾à²°à³† à²Ÿà³€à²‚ à²‡à²‚à²¡à²¿à²¯à²¾ à²•à³à²°à²¿à²•à³†à²Ÿà²¿à²— à²šà²¹à²²à³ * à²•à³‹à²µà²¿à²¡à³ à²¦à³‡à²£à²¿à²—à³† à²¸à²‚à²—à³à²°à²¹à²¿à²¸à²²à³ à²†à²¨à²‚à²¦à³â€Œ, à²¨à²Ÿà²°à²¾à²¦ à²…à²®à³€à²°à³ à²–à²¾à²¨à³, à²¸à³à²¦à³€à²ªà³ à²œà²¤à³†à²—à³‚ à²«à³ˆà²Ÿà³
kannada.asianetnews.com",,,
Asianet Suvarna News,@AsianetNewsSN,2021-06-12T07:18:22.000Z,"à²¦à²¿à²—à³à²—à²œ à²†à²¨à²‚à²¦à³ à²œà²¤à³† à²•à²¿à²šà³à²š à²¸à³à²¦à³€à²ªà³, à²šà²¹à²²à³â€Œ à²šà³†à²¸à³â€Œ à²¸à³à²ªà²°à³à²§à³†..! #chess #coronavirus #ViswanathanAnand #YuzvendraChahal 
@KicchaSudeep
 @yuzi_chahal
 @vishy64theking
 #Kannada #KannadaNewsà²¦à²¿à²—à³à²—à²œ à²†à²¨à²‚à²¦à³ à²œà²¤à³† à²•à²¿à²šà³à²š à²¸à³à²¦à³€à²ªà³, à²šà²¹à²²à³â€Œ à²šà³†à²¸à³â€Œ à²¸à³à²ªà²°à³à²§à³†..!
* à²¦à²¿à²—à³à²—à²œ à²µà²¿à²¶à³à²µà²¨à²¾à²¥à²¨à³ à²†à²¨à²‚à²¦à³ à²œà²¤à³† à²šà³†à²¸à³ à²†à²¡à²²à²¿à²¦à³à²¦à²¾à²°à³† à²¦à³‡à²¶à²¦ 10 à²¸à³†à²²à²¿à²¬à³à²°à²¿à²Ÿà²¿à²—à²³à³ * à²†à²¨à²‚à²¦à³ à²œà²¤à³† à²¸à³à²ªà²°à³à²§à³†à²—à²¿à²³à²¿à²¯à²²à²¿à²¦à³à²¦à²¾à²°à³† à²Ÿà³€à²‚ à²‡à²‚à²¡à²¿à²¯à²¾ à²•à³à²°à²¿à²•à³†à²Ÿà²¿à²— à²šà²¹à²²à³ * à²•à³‹à²µà²¿à²¡à³ à²¦à³‡à²£à²¿à²—à³† à²¸à²‚à²—à³à²°à²¹à²¿à²¸à²²à³ à²†à²¨à²‚à²¦à³â€Œ, à²¨à²Ÿà²°à²¾à²¦ à²…à²®à³€à²°à³ à²–à²¾à²¨à³, à²¸à³à²¦à³€à²ªà³ à²œà²¤à³†à²—à³‚ à²«à³ˆà²Ÿà³
kannada.asianetnews.com",,,2
Ã‰checs & StratÃ©gie,@Chess_Strategy,2021-06-12T07:08:35.000Z," Test de niveau â˜…â˜…â˜… Les Blancs jouent et matent en 4 coups. Irina Bulmaga vs Avital Haitovich, Budva, 2019  LIKEZ si vous avez trouvÃ©  Combien de temps avez-vous mis ?  La solution de l'exercice Ã  20h  http://chess-and-strategy.com #Echecs #Chess #Ajedrez #Ğ¨Ğ°Ñ…Ğ¼Ğ°Ñ‚Ñ‹",2,,3
Chess Unlimited,@unlimited_chess,2021-06-12T07:07:16.000Z,"Chessbase: Technique and tactics https://en.chessbase.com/post/technique-and-tacticsâ€¦ #chessTechnique and tactics
In endgames, a ""petite combinaison"" Ã  la Capablanca is often the quickest (if not the only) way to convert a material advantage. In the diagram position, White is a pawn up - how does he save himself...
en.chessbase.com",,,
Chess Unlimited,@unlimited_chess,2021-06-12T07:07:14.000Z,"/r/AnarchyChess: Marx's Opening: Overthrow Variation https://reddit.com/r/AnarchyChess/comments/nxskj4/marxs_opening_overthrow_variation/â€¦ #chessMarx's Opening: Overthrow Variation
Posted in r/AnarchyChess by u/dmonster1 â€¢ 2,697 points and 67 comments
reddit.com",,,
Random Chess Game,@randomchessgame,2021-06-12T06:59:18.000Z,"#ChessChess: Purple50141 vs Dark_Knight_1973
Purple50141 (1301) vs Dark_Knight_1973 (1377). Dark_Knight_1973 won by resignation in 41 moves. The average chess game takes 25 moves â€” could you have cracked the defenses earlier? Click to review...
chess.com",,,
Random & (somewhat) Playable,@ChessScenarios,2021-06-12T06:58:20.000Z,"Chessbot Predicts:  â™š  to win in 13 moves
 â™”  â™— 
 â™™  â™˜ 
 â™–  â™Ÿ 
 â™—  â™œ  â™˜ 
 â™ 
 â™™ 
 â™œ  â™—  â™™ 
 â™•  â™š  â™ 
Who knew Chessbot could be right about any #Chess battle?",,,
James Sean Kangaru Mwangi,@jameskangaru,2021-06-12T06:49:48.000Z,"Watch the conversation on #Chess and about my journey as a Kenyan Chess Sportsman.

Link:https://youtu.be/h4acs54Klbg
@Top35Under35
 @forbesafrica
 @SDY_Ke
 @moscakenya
 @AMB_A_Mohammed
 @NoorCas
 @JoeOkudo
 @ilo
 @KenyaProjectske
 @FIDE_chess
 @StateHouseKenya
 @youthagenda254
 @NYC_YouthVoiceMeet KENYA'S YOUNGEST INTERNATIONAL CHESS ARBITER .
James Kang'aru is a passionate chess player,coach and arbiter . he is the first chess sports person to be featured by Forbes magazine in the year 2021. throu...
youtube.com",,,
Stoogess Wokel âˆ,@StoogessW,2021-06-12T06:49:16.000Z,"We need a developer out there to build a #chess site on #InternetComputer to rival chess . com 

Where you can bet $ICP against your opponent 

Just give me 5% royalties for the idea 

$BTC $ETH",,1,1
Gekko Pap,@Gekko_Pap,2021-06-12T06:43:43.000Z,"I'm about 10,000th strongest in the world at #chess...which means I still suck.  Ponder that.",1,,
Earthy Common,@EarthySays,2021-06-12T06:37:09.000Z,"Watch sone exciting #Chess with #VishwanathanAnand this Sunday, June 13th at 5 pm.

#CheckmateCovid
with 
@vishy64theking
 & 
@AkshayaPatraQuote Tweet
Viswanathan Anand
@vishy64theking
 Â· 3h
Looking forward to playing some exciting chess with:
Aamir Khan
@riteishd
@NGEMovies
@arijitsingh
@ananya_birla
@nikhilkamathcio
@manukumarjain
@yuzi_chahal
@KicchaSudeep

See you all this Sunday, June 13th at 5 pm to #CheckmateCovid with @AkshayaPatra, @chesscom_in & @Prachura1
0:26
18.2K views",1,,
Shridhar R Kulkarni,@shridharfly,2021-06-12T05:51:48.000Z,"Don't miss to watch India's biggest ever chess fundraising event! (https://youtube.com/watch?v=TVe-JOvh3b8â€¦)

Humble appeal for your generous support. I've done my bit. https://akshayapatra.org/checkmate-covid 

#CheckmateCovid 
@AkshayaPatra
, 
@chesscom_in
 #ChessQuote Tweet
Viswanathan Anand
@vishy64theking
 Â· 3h
Looking forward to playing some exciting chess with:
Aamir Khan
@riteishd
@NGEMovies
@arijitsingh
@ananya_birla
@nikhilkamathcio
@manukumarjain
@yuzi_chahal
@KicchaSudeep

See you all this Sunday, June 13th at 5 pm to #CheckmateCovid with @AkshayaPatra, @chesscom_in & @Prachura1",,,
Ã‰checs & StratÃ©gie,@Chess_Strategy,2021-06-12T05:46:55.000Z," Test de niveau â˜…â˜…â˜† Les Blancs jouent et matent en 3 coups. Nana Dzagnidze vs Gunay Mammadzada, Budva, 2019  LIKEZ si vous avez trouvÃ©  Combien de temps avez-vous mis ?   La solution Ã  20h  http://chess-and-strategy.com  #Echecs #Chess #Ajedrez #Ğ¨Ğ°Ñ…Ğ¼Ğ°Ñ‚Ñ‹",,1,1
Igor Ashrafzyanov,@Igor_Asher,2021-06-12T05:41:11.000Z,"https://youtu.be/hM27vHevml4 #chess #chesswave #video #chessvideo #youtube #chessgame #game #playchess #ÑˆĞ°Ñ…Ğ¼Ğ°Ñ‚Ñ‹ #Ğ²Ğ¸Ğ´ĞµĞ¾Ğ¿Ğ¾ÑˆĞ°Ñ…Ğ¼Ğ°Ñ‚Ğ°Ğ¼ #Ğ¾Ğ±ÑƒÑ‡ĞµĞ½Ğ¸ĞµÑˆĞ°Ñ…Ğ¼Ğ°Ñ‚Ğ°Ğ¼Ğ¨Ğ°Ñ…Ğ¼Ğ°Ñ‚Ñ‹ \ ĞŸÑ€Ğ¾ÑÑ‚Ñ‹Ğµ Ğ¿Ñ€Ğ°Ğ²Ğ¸Ğ»Ğ° Ğ² Ğ¿ĞµÑˆĞµÑ‡Ğ½Ñ‹Ñ… Ğ¾ĞºĞ¾Ğ½Ñ‡Ğ°Ğ½Ğ¸ÑÑ…
Ğ¨Ğ°Ñ…Ğ¼Ğ°Ñ‚Ñ‹ ĞŸÑ€Ğ¾ÑÑ‚Ñ‹Ğµ Ğ¿Ñ€Ğ°Ğ²Ğ¸Ğ»Ğ° Ğ² Ğ¿ĞµÑˆĞµÑ‡Ğ½Ñ‹Ñ… Ğ¾ĞºĞ¾Ğ½Ñ‡Ğ°Ğ½Ğ¸ÑÑ… ĞŸÑ€Ğ°Ğ²Ğ¸Ğ»Ğ° ÑˆĞ°Ñ…Ğ¼Ğ°Ñ‚ Ğ² Ğ¿ĞµÑˆĞµÑ‡Ğ½Ñ‹Ñ… ÑĞ½Ğ´ÑˆĞ¿Ğ¸Ğ»ÑÑ…. ĞĞ° ÑƒÑ€Ğ¾ĞºĞµ Ñ€Ğ°ÑÑĞ¼Ğ°Ñ‚Ñ€Ğ¸Ğ²Ğ°ĞµĞ¼ Ğ½ĞµÑĞºĞ¾Ğ»ÑŒĞºĞ¾ Ğ¿Ğ¾Ğ·Ğ¸Ñ†Ğ¸Ğ¹ Ğ¸ Ğ¸Ğ·ÑƒÑ‡Ğ°ĞµĞ¼ ÑˆĞ°Ñ…Ğ¼Ğ°Ñ‚Ğ½Ñ‹Ğµ Ğ¿Ñ€Ğ°Ğ²Ğ¸Ğ»Ğ° Ğ´Ğ»Ñ Ğ¿...
youtube.com",,1,1
Annaleah AREEJ lacoto,@LacotoAreej,2021-06-12T05:30:59.000Z,"Checkmate!!

It has been years since the last time I played. 
Remembering the times during my highschool grade,  I competed in the Philippines Regional Interschool Chess tournament (area meet).

Awarded from our school as the athlete of the year (year 2005)

#Ø´Ø·Ø±Ù†Ø¬
#Chess",,,
Kids Mandi,@kids_mandi,2021-06-12T04:54:58.000Z,"Kids Mandi Kurukshetra Chess Set

Buy Now: https://amazon.in/dp/B019U5SIRW

Visit Us: http://kidsmandi.com

#indoorgame #kidsmandi #family #gameplay #kids #family #madeinindia #games #toys #boardgames #babyshop #kidstore #chess #chessboard #chesstournament #kurukshetrachess",,,
Gurbir Bhatia,@gsb2041,2021-06-12T04:51:29.000Z,It is like a game of #chess you took their pawn away and they got your #horse or the #TrojanHorse ! This is the pinnacle of #Dirty #Politics or #Probably #NewIndia ! #JitinPrasad #MukulRoy,,,
Aishwarya,@Aishwaryaaa_NR,2021-06-12T04:39:01.000Z,"Replying to 
@KicchaSudeep
 and 
@vishy64thekingBOSS
@KicchaSudeep
 #VikrantRona #Kotigobba3 #chesscom #Chess",,4,6
Navinprasath Srinivasan,@NavinprasathS,2021-06-12T04:29:28.000Z,"@agadmator
  Please Check out this #chess game: specnertep vs navinprasath -Chess: specnertep vs navinprasath
specnertep (1487) vs navinprasath (1465). navinprasath won by resignation in 25 moves. The average chess game takes 25 moves â€” could you have cracked the defenses earlier? Click to review the game,...
chess.com",,,
momonta,@_momonta,2021-06-12T04:25:55.000Z,"æ£‹è­œãŒè¦‹ã¤ã‹ã‚‰ãªã„

é›†ä¸­åŠ›ãŒåˆ‡ã‚Œã¦
æ€¥ã«çœ ããªã£ã¦ãã¡ã‚ƒã£ãŸã‚ˆ
#ãƒã‚§ã‚¹ã€€#chess",,,
"The Apology of Mocrates, an Illinoisan",@zealandzen,2021-06-12T03:50:20.000Z,"Replying to 
@olimpiuurcanAlso on that site for #chess lovers...many wonderful things. 

""On Saturday, 26 June 2021 a large on-line chess auction is being held which will include a substantial number of books and periodicals from our collection""
https://chesshistory.com/winter/index.htmlâ€¦",,,
BrandonGossett,@cragarz1,2021-06-12T03:37:34.000Z,"#chess #BobbyFischerBobby Fischer solves a 15 puzzle in 17 seconds on Carson Tonight Show...
Bobby Fischer solves a 15 puzzle in 17 seconds on Carson Tonight Show - 11/08/1972#bobbyfisher #johnnycarson #chess
youtube.com",,,
Chess Unlimited,@unlimited_chess,2021-06-12T03:37:25.000Z,"/r/AnarchyChess: They don't even disconnect, they just let the clock run out https://reddit.com/r/AnarchyChess/comments/nxkjft/they_dont_even_disconnect_they_just_let_the_clock/â€¦ #chessThey don't even disconnect, they just let the clock run out
Posted in r/AnarchyChess by u/AxelPizza â€¢ 1,395 points and 41 comments
reddit.com",,,
TV9 Kannada,@tv9kannada,2021-06-12T03:26:04.000Z,"à²•à³à²°à²¿à²•à³†à²Ÿà³ à²®à²¾à²¤à³à²°à²µà²²à³à²², à²šà³†à²¸à³à²¨à²²à³à²²à³‚ à²˜à²Ÿà²¾à²¨à³à²˜à²Ÿà²¿à²—à³† à²ªà³ˆà²ªà³‹à²Ÿà²¿ à²¨à³€à²¡à²²à³ à²°à³†à²¡à²¿à²¯à²¾à²¦ à²•à²¿à²šà³à²š à²¸à³à²¦à³€à²ªà³

#KichchaSudeep #Chess #ViswanathanAnand #AamirKhan #Sandalwood #Covid19 #Coronavirusà²•à³à²°à²¿à²•à³†à²Ÿà³ à²®à²¾à²¤à³à²°à²µà²²à³à²², à²šà³†à²¸à³à²¨à²²à³à²²à³‚ à²˜à²Ÿà²¾à²¨à³à²˜à²Ÿà²¿à²—à³† à²ªà³ˆà²ªà³‹à²Ÿà²¿ à²¨à³€à²¡à²²à³ à²°à³†à²¡à²¿à²¯à²¾à²¦ à²•à²¿à²šà³à²š à²¸à³à²¦à³€à²ªà³
Viswanathan Anand: à²ˆ à²†à²Ÿà²¦à²²à³à²²à²¿ à²µà²¿à²¶à³à²µà²¨à²¾à²¥à²¨à³ à²†à²¨à²‚à²¦à³ à²œà³Šà²¤à³† à²•à²¿à²šà³à²š à²¸à³à²¦à³€à²ªà³ à²®à²¾à²¤à³à²°à²µà²²à³à²²à²¦à³† à²…à²¨à³‡à²• à²¸à³†à²²à³†à²¬à³à²°à²¿à²Ÿà²¿à²—à²³à³ à²­à²¾à²—à²µà²¹à²¿à²¸à²²à²¿à²¦à³à²¦à²¾à²°à³†. à²¬à²¾à²²à²¿à²µà³à²¡à³ à²¨à²Ÿ à²†à²®à³€à²°à³ à²–à²¾à²¨à³ à²•à³‚à²¡ à²µà²¿à²¶à³à²µà²¨à²¾à²¥à²¨à³ à²†à²¨à²‚à²¦à³à²—à³† à²ªà³ˆà²ªà³‹à²Ÿà²¿ à²¨à³€à²¡à²²à²¿à²¦à³à²¦à²¾à²°à³†. - Kichcha...
tv9kannada.com",1,6,23
ğ”‰ğ”¢ğ”¯ğ”ªğ”¦ğ”« ğ”„ğ” ğ”¢ğ”³ğ”¢ğ”°,@fermin771009,2021-06-12T03:21:19.000Z,"Ñ Ğ¸Ğ³Ñ€Ğ°Ñ ÑˆĞ°Ñ…Ğ¼Ğ°Ñ‚Ñ‹ #ChessPiece #Chess #ChessBoard #WoodGrain #Competition #LeisureGames #Wood-Material...179477984 | Beautiful photography on EyeEm
Photo by @fermin771009
eyeem.com",,1,
à²µà²¿à²·à³à²£à³ à²•à²°à³à²£ à²¸à²‚à²¦à³€à²ªà³,@vishnusandeep_,2021-06-12T02:41:18.000Z,"à²—à³à²°à³à²¯à²¾à²‚à²¡à³â€Œ à²®à²¾à²¸à³à²Ÿà²°à³ à²µà²¿à²¶à³à²µà²¨à²¾à²¥à²¨à³ à²†à²¨à²‚à²¦à³ à²œà³Šà²¤à³† à²šà³†à²¸à³ à²†à²¡à²²à²¿à²¦à³à²¦à²¾à²°à³† à²•à²¿à²šà³à²š à²¸à³à²¦à³€à²ªà³

à²•à³‹à²µà²¿à²¡à³â€Œ à²ªà²°à²¿à²¹à²¾à²° à²¨à²¿à²§à²¿à²—à³† à²¦à³‡à²£à²¿à²—à³† à²¸à²‚à²—à³à²°à²¹à²¿à²¸à²²à³ à²šà³†à²¸à³â€Œ à²†à²¡à²²à²¿à²¦à³à²¦à²¾à²°à³†

#KichchaSudeep #VishwanathanAnand #Chess #CinemaSaamrajya #VikrantRona",,,
Chess news,@usefulchess,2021-06-12T02:29:00.000Z,"Mamedyarov   and  Grischuk 4 , So 3.5 points in  Superbet Grand Chess Tour  round 6:.  http://usefulchess.com/others/superbet-grand-chess-tour.htmlâ€¦   photo by 
@LennartOotes
 #Chess  #GCT2021",,1,1
Laters Baby Fan Site,@50Latersbaby,2021-06-12T02:25:02.000Z,#Chess #TheMister,,,7
Mr Davis,@mtd1969,2021-06-12T02:19:22.000Z,Kings and Queens Chess tournament in Math class. #mathed #chess #meimiddle,,,
à²ªà³à²°à²œà²¾à²µà²¾à²£à²¿ | Prajavani,@prajavani,2021-06-12T02:19:01.000Z,"à²šà³†à²¸à³â€Œ à²šà²¾à²‚à²ªà²¿à²¯à²¨à³â€Œ à²µà²¿à²¶à³à²µà²¨à²¾à²¥à²¨à³â€Œ à²†à²¨à²‚à²¦à³â€Œ à²µà²¿à²°à³à²¦à³à²§ à²•à²¿à²šà³à²š à²¸à³à²¦à³€à²ªà³â€Œ à²¸à³à²ªà²°à³à²§à³† 
#Sports #kichchasudeep #VishwanathanAnand #Chessà²šà³†à²¸à³â€Œ à²šà²¾à²‚à²ªà²¿à²¯à²¨à³â€Œ à²µà²¿à²¶à³à²µà²¨à²¾à²¥à²¨à³â€Œ à²†à²¨à²‚à²¦à³â€Œ à²µà²¿à²°à³à²¦à³à²§ à²•à²¿à²šà³à²š à²¸à³à²¦à³€à²ªà³â€Œ à²¸à³à²ªà²°à³à²§à³†
à²¨à²Ÿà²°à²¾à²¦ à²…à²®à³€à²°à³â€Œ à²–à²¾à²¨à³â€Œ, à²•à²¿à²šà³à²š à²¸à³à²¦à³€à²ªà³â€Œ, à²°à²¿à²¤à³‡à²·à³â€Œ à²¦à³‡à²¶à³â€Œà²®à³à²–à³â€Œ à²¸à³‡à²°à²¿à²¦à²‚à²¤à³† à²¹à²²à²µà³ à²¸à³†à²²à³†à²¬à³à²°à²¿à²Ÿà²¿à²—à²³à³ à²œà³‚à²¨à³â€Œ 13à²°à²‚à²¦à³ à²šà³†à²¸à³ à²—à³à²°à³à²¯à²¾à²‚à²¡à³â€Œà²®à²¾à²¸à³à²Ÿà²°à³ à²µà²¿à²¶à³à²µà²¨à²¾à²¥à²¨à³ à²†à²¨à²‚à²¦à³ à²…à²µà²°à²¨à³à²¨à³ à²à²¦à³à²°à²¿à²¸à²²à²¿à²¦à³à²¦à²¾à²°à³†.
prajavani.net",,,16
Froos_ab,@cfc_feras,2021-06-12T01:58:28.000Z,"Ø§Ù„Ù„Ù‡ ÙŠØ§Ø®Ø°Ù‡Ø§ Ù„Ø¹Ø¨Ø© ..

Ø¬Ù„Ø¯Ù†ÙŠ Ø¬Ù„Ø¯ Ø§Ù„Ù„Ù‡ Ù„Ø§ ÙŠÙˆÙÙ‚Ù‡ .. Ø§Ù„Ù„ÙŠ Ø¹Ù†Ø¯Ù‡ Ø§Ø³ØªØ±Ø§ØªÙŠØ¬ÙŠØ§Øª ÙˆØ®Ø·Ø· ÙŠØ¹Ù„Ù…Ù†ÙŠ . 
#Chess",,,1
Random & (somewhat) Playable,@ChessScenarios,2021-06-12T01:56:05.000Z,"Chessbot  Results: White  to Check in 15 turns
 â™”  â™–  â™› 
 â™–  â™› 
 â™™  â™› 
 â™•  â™œ 
 â™  â™˜ 
 â™  â™› 
 â™˜  â™œ 
 â™›  â™š 
Did a bot just predict this #Chess battle?",,,
Dan Heisman,@danheisman,2021-06-12T01:46:50.000Z,"J11 Many students (& others) who play fast in slow time controls feel like they are trying their best & don't know how to slow down. But improvement starts with realizing you can play better with more thought, consciously being aware of the time situation & being careful #Chess",1,,1
Collin Hebert,@ABearPlaynChess,2021-06-12T01:20:13.000Z,Radjabov should write a book called The Art of The Draw. #chess,,,
C.G.,@TheLastSisyphus,2021-06-12T01:06:02.000Z,"If any of you play chess at http://Chess.com, please let me know. I'd love to play against you! #ChessChess.com - Play Chess Online - Free Games
Play chess online for free on Chess.com with over 50 million members from around the world. Have fun playing with friends or challenging the computer!
chess.com",,,
Carolina Lujan,@imcarolinalujan,2021-06-12T01:03:05.000Z,"Demostremos que el ajedrez une, comunica, transmite valores y apasiona! 
.
.
#ajedrez #chess #argentina #CopaDelMundo #torneo #wwcc #wwcc2021 #patrocinio #auspicio #empresas #marcas #pirca #seguridad #refugio #chess24 #c24live #rusia #deporte #sport #minetechgroup",,,5
12chess.com,@onetwochess,2021-06-12T01:01:35.000Z,"Black to play and win: Sazonova, Anastasia vs Komiagina, Maria. ch-RUS Blitz w 2016 2016.10.04  #chess https://12chess.com/app.html?tactic_id=cb78ad89f18c3e01c9978d2edebcce56â€¦",,,1
Stefan,@stoicstef,2021-06-12T00:00:43.000Z,"Check out this #chess game: KingSerb vs orsolino76 - https://chess.com/live/game/17194342581â€¦ via 
@chesscomChess: KingSerb vs orsolino76
KingSerb (624) vs orsolino76 (618). KingSerb won - game abandoned in 23 moves. The average chess game takes 25 moves â€” could you have cracked the defenses earlier? Click to review the game, move by...
chess.com",,,
ãƒã‚§ã‚¹ã«ã¾ã¤ã‚ã‚‹ã‚¨ãƒˆã‚»ãƒˆãƒ©,@chess_etc,2021-06-11T23:57:05.000Z,"å¼·ã„é§’ã»ã©ã€å®ˆã‚Šé§’ã¨ã—ã¦ã¯å¼±ããªã‚‹ã€‚
#chess #ãƒã‚§ã‚¹",,,
Random & (somewhat) Playable,@ChessScenarios,2021-06-11T23:54:40.000Z,"Chessbot Thinks:  â™š  will Stalemate in 4 turns
 â™œ  â™  â™” 
 â™œ  â™– 

 â™™  â™Ÿ  â™–  â™  â™˜ 
 â™  â™—  â™™  â™  â™› 
 â™ 

 â™–  â™œ  â™š 
Did a bot just predict this #Chess battle?",,,
Outis169,@outis169,2021-06-11T23:51:19.000Z,"The perfect #chess tweet does not exi....Quote Tweet
HowlingMutant
@Howlingmutant0
 Â· 8h
Replying to @cringeinspector
Chessmate",,,1
Dave Bland,@elblandie,2021-06-11T23:49:22.000Z,"I've been trying to get better at chess again recently, and it's starting to pay off. Hit an all-time high at Bullet on 
@chesscom
, having gained 161 points in the last 30 days. 

Next goal: 2200.

#Chess",,,
Sultan,@SultanSpeaks,2021-06-11T23:44:36.000Z,"I surprised even myself with this win. #chess #falafel #falafelbatat #shatranjChess: falafelbatat vs SoLoDmarco
falafelbatat (741) vs SoLoDmarco (689). falafelbatat won by checkmate in 6 moves. The average chess game takes 25 moves â€” can you identify when the offense took control? Click to review the game,...
chess.com",,,
Random & (somewhat) Playable,@ChessScenarios,2021-06-11T22:55:28.000Z,"Chessbot Knows:  â™š  to win in 14 turns
 â™  â™˜  â™–  â™  â™” 
 â™˜  â™– 
 â™–  â™— 
 â™  â™˜  â™› 
 â™–  â™Ÿ  â™™ 
 â™˜ 
 â™Ÿ  â™• 
 â™š 
Was Chessbot right about this #Chess match?",,,
Tegenstellingen!?,@GroenenKristian,2021-06-11T22:52:28.000Z,40+ #Chess #whisky #SaturdayNight,,,
Victoria,@thevichaggerty,2021-06-11T22:44:45.000Z,"I think the most important stat that they missed was your new Call of Duty PR 
@FakeGrantGavin
 #chessQuote Tweet
Jesse Kirkendall
@JayKirkendall
 Â· 17h
After @FakeGrantGavin's appearance last night, his line for the month of June is as follows:
5.2 IP/4 Appearances 
4 H
1 ER
10 K
1 BB

Since May 13th:
15.2 IP/10 Appearances 
9 H
3 ER
27 K
4 BB

 #TogetherRoyal #StormChasers
Show this thread",1,,4
JLCourtemanche,@jlcourtemanche,2021-06-11T22:24:42.000Z,"Look Whatâ€™s Happening at Wheatley High School! 
@WeLoveWheatley
 @JWilliamsPWHS
 #FieldDay #celebratinglife through #chess photos by 
@jlcourtemanche",,,
DailyCraigVlog,@TheDailyCraig20,2021-06-11T22:22:01.000Z,"Chess, client meetings, rain, sun and some Arniâ€™s! https://youtu.be/mP09ptzZGyw via 
@YouTube
 @arnispizza1965
 #pizza #baseball #chess #kitty #vlog #dailyvlogChess, client meetings, rain, sun and some Arniâ€™s!
Some great meetings, taking down Luke in chess, delicious pizza and more on a fun, fun Thursday!
youtube.com",,,
Keti Tsatsalashvili,@keti_chess,2021-06-11T21:19:20.000Z,"â™ŸOpening Ceremony 
@advorkovich
 @lukaszturlej
 @DanaReiznieceOz
@ozgurso
 & African speaker at #queensfestival 
@FIDE_chess
 #WomenInChess #Chess 
@ECUonline
 #Africa
Event inspired by #QueensGambit 
@NetflixTheQG",1,3,6
Ø®Ù„ÙŠÙ„ Ø¨Ù† ØµØ§Ù„Ø­ Ø§Ù„Ø³Ø¹Ø±Ø§Ù† .,@al_s3ran,2021-06-11T21:16:14.000Z,#Ø´Ø·Ø±Ù†Ø¬ #chess .,,,1
Lahore Chess Club,@lahorechessclub,2021-06-11T21:12:29.000Z,#chess #Lahore #Punjab #Pakistan,,,
Lahore Chess Club,@lahorechessclub,2021-06-11T21:12:18.000Z,#chess #Lahore #Punjab #Pakistan,,,
Random & (somewhat) Playable,@ChessScenarios,2021-06-11T20:56:48.000Z,"Chessbot Wagers: White  to win in 14 turns
 â™•  â™œ  â™  â™” 
 â™ 

 â™˜  â™Ÿ  â™˜  â™™  â™ 
 â™  â™— 
 â™—  â™˜  â™Ÿ  â™› 

 â™œ  â™–  â™š 
Who knew Chessbot could be right about any #Chess battle?",,,
Amit Sampat,@AmitSampatTOI,2021-06-11T20:46:10.000Z,"Three Indian #chess masters in actionQuote Tweet
International Chess Federation
@FIDE_chess
 Â· 15h
The Main Event of the Women's #SpeedChess Championship starts tomorrow on @chesscom.

Here is the bracket - who do you think will win the top prize of $20,000?  

All the info: https://chess.com/article/view/2021-womens-speed-chess-championship-all-the-informationâ€¦
Show this thread",,,
Rice,@TrueKobold,2021-06-11T20:40:44.000Z,Finally beat the shit out of Nelson #chess,,,
Alberto Chueca,@ChuecaForcen,2021-06-11T20:36:13.000Z," Are you ready to join the Rebel Alliance, the best training program I have designed for you?

 https://albertochueca.com/pricing/

#AlbertoChueca #TheRebelAlliance #chesscoach #chess #chessboard #chessgame #chesslessons",,,
endrit,@endrit_vf,2021-06-11T20:35:12.000Z,OMW to 1500! Feel free to challenge #chess #QueensGambit,,,
Quantum Latino,@LatinoQuantum,2021-06-11T19:36:22.000Z,"What a fun insight into 
@RealQChess
 #Quantum #Chess with 
@jesusgtzfranco
!! A fantastic twist on a classic game. Putting #quantum into the world of games! 

#QuantumLatino21",,3,4
Jakub Szyca,@jakub_szyca,2021-06-11T19:30:00.000Z,"Wielki FinaÅ‚ juÅ¼ za chwilÄ™!
#chess #szachy #FQChessSeries #FQteam

https://youtu.be/dj3xxML6UPM",,,
ãƒã‚§ã‚¹ã«ã¾ã¤ã‚ã‚‹ã‚¨ãƒˆã‚»ãƒˆãƒ©,@chess_etc,2021-06-11T19:26:10.000Z,"ç¾ä»£ãƒã‚§ã‚¹ã§ã¯ãƒãƒ¼ãƒ³ã‚¹ãƒˆãƒ©ã‚¯ãƒãƒ£ãƒ¼ã®ã‚ˆã†ãªç´°ã‹ã„è¦ç´ ã«ã“ã ã‚ã‚Šã™ãã ã€‚ãã‚Œã¯ä¸€æ—¦å¿˜ã‚Œã‚ˆã†ã€‚ä½•ã—ã‚ãƒã‚§ãƒƒã‚¯ãƒ¡ã‚¤ãƒˆã«ã™ã‚Œã°å‹ã¡ãªã®ã ã‹ã‚‰ã€‚
#chess #ãƒã‚§ã‚¹",,,
Iwasaki Yudai,@Yudai0515,2021-06-11T19:19:45.000Z,"ãƒã‚§ã‚¹ã®ãƒ«ãƒ¼ãƒ«ã‚’è¦šãˆãŸã®ã§ã€ŒæŒ‡ã—ã¦ã¿ãŸã€ï¼ˆYou Otohaãƒ»éŸ³è‘‰å„ªï¼è¬›å¸«ãƒ»å²©å´é›„å¤§å…ˆç”Ÿï¼‰

â†’https://youtu.be/iBEYbZ3o1QE

#ãƒã‚§ã‚¹ã€€#chessã€€#ãƒã‚§ã‚¹å…¥é–€ãƒã‚§ã‚¹ã®ãƒ«ãƒ¼ãƒ«ã‚’è¦šãˆãŸã®ã§ã€ŒæŒ‡ã—ã¦ã¿ãŸã€ï¼ˆYou Otohaãƒ»éŸ³è‘‰å„ªï¼è¬›å¸«ãƒ»å²©å´é›„å¤§å…ˆç”Ÿï¼‰
ãƒã‚§ã‚¹ã®ãƒ«ãƒ¼ãƒ«ã‚’è¦šãˆãŸ!?ï¼ˆã‚ã‚„ã—ã„ï½—ï¼‰ã¨ã„ã†ã“ã¨ã§ã€ã¾ãšã¯å®Ÿè·µã€‚ã‚¤ã‚­ãƒŠãƒªã ã‘ã©ã€æŒ‡ã—ã¦ã¿ã¾ã—ãŸ(^O^)â™ªã“ã¡ã‚‰ã‚‚ã©ã†ãã‚­ãƒ£ã‚¹ãƒªãƒ³ã‚°ã¨ã‚¢ãƒ³ãƒ‘ãƒƒã‚µãƒ³https://www.youtube.com/watch?v=w4lTyTYwjdsãƒã‚§ã‚¹ã®é§’ã®å‹•ã‹ã—æ–¹https://www.youtube.com/watch?...
youtube.com",,,
Orenco Learning Club,@OrencoLearning,2021-06-11T19:16:37.000Z,"Get Dad the perfect gift this Father's Day. Shop books, games and puzzles online for curbside or in-store pick up.

 http://shop.orencolearningclub.com 

#FathersDay #FathersDay2021 #OrencoLearningClub #ShopOLC #BooksGamesAndGroupLessons #Bookstore #Chess #SmallBusiness",,,1
BigManHenry,@BigManHenry2,2021-06-11T18:47:06.000Z,"on a fucking 1 min bullet game aswell 
#Chess 
@GMHikaru
 @IM_Rosen",,,2
Ammar Najjar,@ammarnajjar,2021-06-11T18:41:44.000Z,"how important is it to develop your pieces?
I faced an underdeveloped pieces in this game:
https://youtu.be/qDmrmomrSss
watch and see how it went out, and tell me what you think! 

#chess #chessgame #chessvideosBlitz #43: Pieces Development is important! Semi-Slav Defense,...
In this game, the importance of pieces development is highlighted, I ended up with a powerful Knight, against an undeveloped Bishop, Rook and a Queen!Forks w...
youtube.com",,,
Leontxo GarcÃ­a,@leontxogarcia,2021-06-11T18:41:03.000Z,"Para alegraros la tarde del viernes, a ver quÃ© os parece esta pequeÃ±a maravilla que acabo de publicar en mi columna: https://elpais.com/elpais/2021/06/11/media/1623435557_306981.htmlâ€¦
#Ajedrez #ChessUna dama rabiosa
Dos piezas coordinadas dominan a la reina a pesar de una sorprendente exhibiciÃ³n de bellos recursos
elpais.com",4,7,23
Ã‰checs & StratÃ©gie,@Chess_Strategy,2021-06-11T18:38:36.000Z," Test de niveau â˜…â˜…â˜… Les Blancs jouent et matent en 4 coups. Jose Fatima vs Andre Warner, Batoumi, 2018  LIKEZ si vous avez trouvÃ© Combien de temps avez-vous mis ?  La solution de l'exercice Ã  20h  http://chess-and-strategy.com #Echecs #Chess #Ajedrez #Ğ¨Ğ°Ñ…Ğ¼Ğ°Ñ‚Ñ‹",,2,5
Chess Unlimited,@unlimited_chess,2021-06-11T18:37:28.000Z,"r/chess: 3 Men Chess https://reddit.com/r/chess/comments/nwvc68/3_men_chess/â€¦ #chess3 Men Chess
Posted in r/chess by u/touchfeel â€¢ 111 points and 13 comments
reddit.com",,,
12chess.com,@onetwochess,2021-06-11T18:01:27.000Z,"White to play and win: Han, Yichen vs Starley, Robert. 24th 4NCL Congress 2020 2020.01.18  #chess https://12chess.com/app.html?tactic_id=4df4a88c3c9a8dfeb55f470cc066ae2dâ€¦",,,
iChess.net,@OnlineChessLess,2021-06-11T18:01:18.000Z,What do you think about this #chess quote? http://ow.ly/ijr330rJbz8,,,1
One Plus Design Studio,@oneplusstudio,2021-06-11T17:51:00.000Z,"Hi There!
Are you looking flyer or social media post design? Kindly inbox me.
#flyer #chess #training #checkmate #mindset #motivation #authors #writers #speaker #realtor #broker #property #realestate #education #coach #director #ceo #graphicdesign #AMCPARTY #usa #canada #uk",1,1,3
Sonny the Clippers Enthusiast,@SonnyZeee,2021-06-11T17:45:49.000Z,"I no longer measure chess success off of if wins, losses, or ratings. The only thing I care about now is how many queens I can revive. 

I will use this thread to track my progress towards 9 queens 
#Chess #Grandmaster #RoadTo9",1,,
mavrc,@mavrcworld,2021-06-11T17:44:49.000Z,"#ChessQuote Tweet
Malcolm Pein
@TelegraphChess
 Â· 19h
https://bbc.co.uk/news/uk-england-london-57241320â€¦",,,
Abhishek Dubey,@Abhishekd805,2021-06-11T17:44:48.000Z,"Sad to see current form of 
@NihalSarin
 . Speed #Chess  destroying his game 

Best strategy is to improve the game and then speed, nobody wants to end up like 
@GMHikaru
 . Right direction need to save this talent.

Meanwhile 
@rpragchess
 rocks, as always!

#GelfandChallenge #Chess",,,2
ğ•Šğ•”ğ•£ğ•šğ•“ğ•– ğ•šğ•Ÿ ğ•Šğ•”ğ•£ğ•¦ğ•“ğ•¤,@KBenzJr,2021-06-11T17:00:41.000Z,"So. . . I may have lost a friend or two by screaming ""THIS IS SPARTA!"" before capturing a valuable piece or a checkmate!

I wonder why  #chess #chessAtWork #TheRealBeautifulGame",1,1,3
~ â€¢ d` Jâˆ†Kâˆ† â€¢ ~,@Anonymouslem_A1,2021-06-11T16:52:05.000Z,"Done..
Under control

tiati dek,

1st #Chess sgt",2,,15
RGM Watch Company,@RGMWatchCompany,2021-06-11T16:50:35.000Z,"The RGM PS-801-CH ""Chess in Enamel"" next to the original 1859 dial from Chess legend Paul Morphy's pocket watch. 
#rgmwatches #rgmwatch #watch #watches #wristwatch  #wristwatches #watchmaking #watchmaker #chess #chesswatch #paulmorphy #enamel #enameldial #independentwatchmaking",,2,6
CACAMANIA,@cacamanias,2021-06-11T16:43:00.000Z,"XADREZ VIUVA NEGRA  #chess: Cacamania vs makbul -Chess: Cacamania vs makbul
Cacamania (1689) vs makbul (1750). Cacamania won by resignation in 32 moves. The average chess game takes 25 moves â€” could you have cracked the defenses earlier? Click to review the game, move by...
chess.com",,,
Europe Echecs,@EuropeEchecs,2021-06-11T16:41:56.000Z,"Superbet Romania Chess Classic â€“ En tÃªte aprÃ¨s la ronde 6, Mamedyarov, qui a profitÃ© d'une gaffe de Levon Aronian, et Grischuk, qui l'a l'emportÃ© sur Constantin Lupulescu. MVL s'en sort bien avec le demi-point face Ã  Caruana. #Ã‰checs #Chess #Ajedrez https://europe-echecs.com/art/grand-chess-tour-ae-superbet-ae-r6-8524.htmlâ€¦",,3,6
Anantha Krishnan,@Akdoesgameart,2021-06-11T16:37:13.000Z,"Neon chess set-3D Maya Model
Assignment 1:3D fundamentals
#3dmodeling #neon #chess #maya #autodeskmaya #texturing #vrayrender https://instagram.com/p/CP_KJQbgWM4/?utm_medium=twitterâ€¦",,,
CACAMANIA,@cacamanias,2021-06-11T16:36:30.000Z,"XADREZ NA TEIA DA ARANHA  #chess: Cacamania vs aganferry -Chess: Cacamania vs aganferry
Cacamania (1679) vs aganferry (1645). Cacamania won by resignation in 35 moves. The average chess game takes 25 moves â€” could you have cracked the defenses earlier? Click to review the game, move by...
chess.com",,,
